rul_bin,n_predictions,n_units,mae,rmse,cmapss_total_all_predictions,cmapss_mean_penalty,dangerous_error_pct,conservative_error_pct,bias_mean,abs_error_p90,abs_error_p95
0-30,100,71,3.2537932086770995,4.264005488491562,39.21124504535388,0.39211245045353876,0.0,0.0,0.25389426613271776,6.5373637154062285,8.951729079286048
31-60,100,71,8.094769038857756,11.183978481932492,274.9933272727508,2.7499332727275076,6.0,0.0,3.1036716113260097,18.532236003330745,21.9981219335536
61-100,100,71,13.682578418551373,16.685524977223487,542.0432844375824,5.420432844375824,19.0,3.0,6.083655198282624,27.997957162115803,32.6098093021347
101+,200,71,17.890341462829216,21.479413909149855,1164.6638350961598,5.823319175480799,0.0,32.5,-13.848360185650515,36.137950807516965,41.127264704242236
