representation,model_name,rul_bin,n_eval,mae,rmse,r2,cmapss_score,cmapss_score_mean,dangerous_error_pct
temporal_w50_fault_sensitive,fd003_lgbm_w50_cap125_quantile_a04_none_fault_sensitive,30-60,21,11.5122714234703,15.737545091648167,-3.0551946814673565,150.25413261710793,7.154958696052758,9.523809523809524
temporal_w50_fault_sensitive,fd003_lgbm_w50_cap125_quantile_a04_none_fault_sensitive,0-30,20,2.51408252074434,3.262392330628044,0.8094238109326168,5.441238384072409,0.27206191920362044,0.0
temporal_w50_fault_sensitive,fd003_lgbm_w50_cap125_quantile_a04_none_fault_sensitive,90+,37,12.854082003967623,15.576487723201978,-0.08594662286987775,113.29889560123925,3.0621323135470067,0.0
temporal_w50_fault_sensitive,fd003_lgbm_w50_cap125_quantile_a04_none_fault_sensitive,60-90,22,14.290324677627552,17.57328603722922,-2.980216359779441,125.76864874433046,5.7167567611059305,31.818181818181817
