n_predictions,n_units,n_splits,mae,rmse,r2,cmapss_total_all_predictions,cmapss_mean_penalty,dangerous_error_pct,conservative_error_pct,bias_mean,median_error,abs_error_p90,abs_error_p95,max_abs_error,mean_cmapss_score_by_split,std_cmapss_score_by_split,worst_cmapss_score_by_split,worst_rmse_by_split,worst_dangerous_error_pct_by_split
500,71,5,12.162364718348933,16.397562654351557,0.8506221883314529,2020.911691851847,4.0418233837036945,5.0,13.600000000000001,-3.6510998591119352,-1.5475257526260613,28.345099950463137,34.98262304930647,55.77635785830874,404.1823383703694,38.602982008255225,443.16186218294564,17.89616814863213,8.0
