representation,model_name,n_eval,mae,rmse,r2,cmapss_score,cmapss_score_mean,dangerous_error_pct,dataset,model_family,objective,alpha,sample_weight_scheme,window_size,rul_cap,random_state,n_train_units,n_eval_units,n_features,dropped_columns,conservative_error_pct,bias_mean
temporal_w50,candidate_03_B_quantile_a040_search_14,100,12.656874852111082,18.10147992659292,0.8179646802595297,451.73709580503885,4.517370958050389,3.0,FD003,LightGBM,quantile,0.4,none,50,125,0,80,20,140,"setting_3,sensor_1,sensor_18,sensor_19",20.0,-7.6536087370408135
temporal_w50,candidate_03_B_quantile_a040_search_14,100,11.493398665549707,15.129415529501317,0.872833769853158,392.595978878315,3.92595978878315,9.0,FD003,LightGBM,quantile,0.4,none,50,125,1,80,20,140,"setting_3,sensor_1,sensor_18,sensor_19",7.000000000000001,-0.6544524865463014
temporal_w50,candidate_03_B_quantile_a040_search_14,100,12.95367526852814,18.18357189811067,0.8163098405701333,555.0495306039678,5.550495306039678,5.0,FD003,LightGBM,quantile,0.4,none,50,125,2,80,20,140,"setting_3,sensor_1,sensor_18,sensor_19",17.0,-4.827352379731332
temporal_w50,candidate_03_B_quantile_a040_search_14,100,11.863795203716,15.192228684240224,0.8717756597809714,332.7034039011109,3.327034039011109,6.0,FD003,LightGBM,quantile,0.4,none,50,125,3,80,20,140,"setting_3,sensor_1,sensor_18,sensor_19",10.0,-1.6441342997625594
temporal_w50,candidate_03_B_quantile_a040_search_14,100,11.431410630149902,15.636422308890468,0.8641679429877959,390.0650601140821,3.900650601140821,5.0,FD003,LightGBM,quantile,0.4,none,50,125,4,80,20,140,"setting_3,sensor_1,sensor_18,sensor_19",13.0,-3.185925583423647
