representation,model_name,rul_bin,n_eval,mae,rmse,r2,cmapss_score,cmapss_score_mean,dangerous_error_pct
temporal_w50,candidate_03_B_quantile_a040_search_14,90+,48,12.941021314483953,15.635574946073131,-0.02831697938004263,135.5885506137039,2.824761471118831,4.166666666666666
temporal_w50,candidate_03_B_quantile_a040_search_14,60-90,13,18.423781910404355,21.267041529973646,-6.0774548489776326,115.46820830166246,8.88216986935865,38.46153846153847
temporal_w50,candidate_03_B_quantile_a040_search_14,30-60,14,8.098842439691676,9.383909526077897,-0.3745874933695952,20.158066158823274,1.4398618684873767,7.142857142857142
temporal_w50,candidate_03_B_quantile_a040_search_14,0-30,25,3.729915000707607,4.937625667499218,0.5420846249484033,12.68300699838513,0.5073202799354052,0.0
