representation,model_name,rul_bin,n_eval,mae,rmse,r2,cmapss_score,cmapss_score_mean,dangerous_error_pct
temporal_w70_condition_fault_sensitive,fd004_xgb_fs_bin_weights_w70,0-30,52,3.8913293526722836,5.376699217492985,0.14222766499375983,29.80235296803283,0.5731221724621698,0.0
temporal_w70_condition_fault_sensitive,fd004_xgb_fs_bin_weights_w70,30-60,38,8.608546156632272,11.805207912404029,-0.6623031074148169,135.870682548276,3.5755442775862103,7.894736842105263
temporal_w70_condition_fault_sensitive,fd004_xgb_fs_bin_weights_w70,90+,117,28.18320090139014,35.344966227817046,-0.42488006048476046,3992.3961698435096,34.12304418669666,2.564102564102564
temporal_w70_condition_fault_sensitive,fd004_xgb_fs_bin_weights_w70,60-90,41,14.990771409941882,19.508223003452944,-4.749226733548443,442.14821145137614,10.784102718326247,24.390243902439025
