dataset,representation,model_name,n_eval,mae,rmse,r2,cmapss_score,cmapss_score_mean,dangerous_error_pct
FD001,temporal_w50,candidate_03_B_quantile_a040_search_14,100,10.673098571038599,13.94871384763963,0.8873298725026293,283.89783207257466,2.8389783207257464,8.0
FD002,temporal_w50_condition_fault_sensitive_mid_guard,xgb_condition_fault_sensitive_mid_guard,259,16.61884540940804,25.280092935385433,0.7790290352968239,5349.925447634689,20.656082809400342,5.019305019305019
FD003,temporal_w50_fault_sensitive,fd003_lgbm_w50_cap125_quantile_a04_none_fault_sensitive,100,10.820275273623713,14.555132153165431,0.8763701163002854,394.76291534675,3.9476291534675,9.0
FD004,temporal_w70_condition_fault_sensitive,fd004_xgb_fs_bin_weights_w70,248,17.909395215972776,26.071138098834716,0.7713622928981874,4600.217416811195,18.549263777464496,6.451612903225806
