representation,model_name,n_features,target_used_for_training,n_eval,mae,rmse,r2,cmapss_score,cmapss_score_mean,dangerous_error_pct
temporal_w30,RandomForestRegressor,119,RUL_capped,99,13.81734066424928,17.912073206388644,0.8198982798071819,580.9338452585001,5.868018638974749,14.14141414141414
temporal_w30,MLP,119,RUL_capped,99,14.311264269279713,18.73437382829922,0.8029826316380485,633.5883758567079,6.399882584411191,15.151515151515152
current_cycle,RandomForestRegressor,17,RUL_capped,99,16.66938167465469,21.53560702019177,0.7396603089515789,1386.5004354157672,14.005054903189569,16.161616161616163
current_cycle,MLP,17,RUL_capped,99,16.389131179963698,22.074671149320945,0.7264639098887261,1500.262155976878,15.154163191685637,16.161616161616163
temporal_w30,Ridge,119,RUL_capped,99,18.419012938410734,23.133111935136288,0.6996039149288349,1073.3350723260992,10.841768407334335,17.17171717171717
current_cycle,Ridge,17,RUL_capped,99,19.6204348513598,24.014161664490352,0.676286352098879,1167.119272494262,11.789083560548102,24.24242424242424
current_cycle,DummyRegressor,17,RUL_capped,99,37.23368886010031,42.87981196881868,-0.0321240417062247,18169.63878888446,183.53170493822685,40.4040404040404
