representation,model_name,rul_bin,n_eval,mae,rmse,r2,cmapss_score,cmapss_score_mean,dangerous_error_pct
temporal_w30,RandomForestRegressor,90+,39,16.85452659517157,19.846652924024855,-0.751772312011922,165.46215345598054,4.242619319384117,0.0
temporal_w30,RandomForestRegressor,60-90,20,19.48067103874296,22.727859107222802,0.0,231.90888920268253,11.595444460134127,50.0
temporal_w30,RandomForestRegressor,30-60,20,12.365219116816869,16.91243169807424,0.0,174.62079576002702,8.73103978800135,20.0
temporal_w30,RandomForestRegressor,0-30,20,3.683619271889564,4.183181316738259,0.0,8.942006839810078,0.4471003419905039,0.0
temporal_w30,XGBRegressor,90+,39,17.336377853002304,20.64281577333488,-0.8951386177831986,188.76294292753758,4.840075459680451,0.0
temporal_w30,XGBRegressor,60-90,20,17.969041442871095,20.0300328978586,0.0,151.38222682584745,7.5691113412923725,35.0
temporal_w30,XGBRegressor,30-60,20,12.338805007934571,14.204750947081187,0.0,65.81541603116483,3.2907708015582413,10.0
temporal_w30,XGBRegressor,0-30,20,4.847879648208618,6.082971471598516,0.0,12.614983892943348,0.6307491946471674,0.0
