modelo,approach,MAE,RMSE,R2,C_MAPSS,std_C_MAPSS,mean_dangerous_error_pct,mean_conservative_error_pct,bias,worst_CMAPSS,decision,motivo
candidate_03_B_quantile_a040_search_14,FD001 transfer baseline sobre FD003,12.079830924010968,16.448623669467118,0.8486103786903177,424.4302138605029,84.28413504673514,5.6,13.4,-3.5930946973009306,555.0495306039678,descartado,"Baseline fuerte, pero superado por features fault-sensitive."
fd003_lgbm_w50_cap125_quantile_a04_none,FD003 short tuning best,12.079830924010968,16.448623669467118,0.8486103786903177,424.4302138605029,84.28413504673514,5.6,13.4,-3.5930946973009306,555.0495306039678,descartado,No supero al pipeline transferido.
fd003_lgbm_w50_cap125_quantile_a04_none_fault_sensitive,FD003 fault-sensitive features best,12.16236471834893,16.367036905847883,0.8506221883314528,404.1823383703693,38.602982008255225,5.0,13.6,-3.6510998591119352,443.1618621829456,aceptado,Mejor mejora defendible antes del refinamiento.
fd003_lgbm_w50_cap125_quantile_a04_none_fault_sensitive_global_baseline,FD003 pseudo-cluster best,12.16236471834893,16.367036905847883,0.8506221883314528,404.1823383703693,38.602982008255225,5.0,13.6,-3.6510998591119352,443.1618621829456,descartado,Pseudo-clusters no mejoraron frente al baseline fault-sensitive.
fd003_lgbm_refinement_baseline_current,FD003 current final candidate,12.16236471834893,16.367036905847883,0.8506221883314528,404.1823383703693,38.602982008255225,5.0,13.6,-3.6510998591119352,443.1618621829456,aceptado,Candidato final actual usado para el reporte interno.
fd003_lgbm_refinement_search_20,FD003 hyperparam refinement best,12.160812439289078,16.25989226059689,0.8524552377369948,400.7871311880896,44.36910809647311,5.4,13.4,-3.126701861011191,439.7389808743628,descartado,"Mejora C-MAPSS marginal, pero sube dangerous error."
fd003_lgbm_refinement_baseline_current,FD003 final selected candidate,12.16236471834893,16.367036905847883,0.8506221883314528,404.1823383703693,38.602982008255225,5.0,13.6,-3.6510998591119352,443.1618621829456,final,Se mantiene el candidato fault-sensitive actual.
